{
  "Querylength": 0.0109490435,
  "domain_token_count": 0.0372952605,
  "path_token_count": 0.0136066674,
  "avgdomaintokenlen": 0.0247194042,
  "longdomaintokenlen": 0.0172661448,
  "avgpathtokenlen": 0.0236793839,
  "tld": 0.0316683467,
  "ldl_url": 0.0179569576,
  "ldl_path": 0.011892286,
  "urlLen": 0.0247055432,
  "domainlength": 0.0282212815,
  "pathLength": 0.0199106015,
  "subDirLen": 0.0153152992,
  "pathurlRatio": 0.0204328962,
  "ArgUrlRatio": 0.0324959329,
  "argDomanRatio": 0.0248644306,
  "domainUrlRatio": 0.0202821559,
  "pathDomainRatio": 0.0235224563,
  "argPathRatio": 0.0230663687,
  "NumberofDotsinURL": 0.0367410744,
  "CharacterContinuityRate": 0.0255980841,
  "LongestVariableValue": 0.021316213,
  "URL_DigitCount": 0.0160504113,
  "Extension_DigitCount": 0.0172112776,
  "URL_Letter_Count": 0.0158969061,
  "host_letter_count": 0.0256033464,
  "Directory_LetterCount": 0.0248702621,
  "Filename_LetterCount": 0.017449139,
  "Extension_LetterCount": 0.0203698438,
  "Query_LetterCount": 0.0118208724,
  "LongestPathTokenLength": 0.028754294,
  "Domain_LongestWordLength": 0.0196832615,
  "Arguments_LongestWordLength": 0.0155735841,
  "URLQueries_variable": 0.0137624439,
  "spcharUrl": 0.0130781845,
  "delimeter_path": 0.0156342046,
  "NumberRate_URL": 0.0215066446,
  "NumberRate_FileName": 0.0167263909,
  "NumberRate_Extension": 0.0298203239,
  "NumberRate_AfterPath": 0.012454897,
  "SymbolCount_URL": 0.0142337377,
  "SymbolCount_Domain": 0.0404805633,
  "SymbolCount_Directoryname": 0.0161187244,
  "SymbolCount_FileName": 0.0197699936,
  "SymbolCount_Extension": 0.0195384892,
  "Entropy_Domain": 0.0261591134,
  "Entropy_DirectoryName": 0.0157072564
}
