{
  "Querylength": 0.0101142973,
  "domain_token_count": 0.0348737377,
  "path_token_count": 0.0111938201,
  "avgdomaintokenlen": 0.0207478714,
  "longdomaintokenlen": 0.0149897169,
  "avgpathtokenlen": 0.0176364584,
  "tld": 0.0307984777,
  "ldl_url": 0.0119141377,
  "ldl_path": 0.0100278246,
  "urlLen": 0.0213783725,
  "domainlength": 0.0245192586,
  "pathLength": 0.0122672403,
  "subDirLen": 0.0147257035,
  "pathurlRatio": 0.0203876334,
  "ArgUrlRatio": 0.0276685686,
  "argDomanRatio": 0.0248694003,
  "domainUrlRatio": 0.0184654327,
  "pathDomainRatio": 0.017568574,
  "argPathRatio": 0.0175344906,
  "NumberofDotsinURL": 0.0314943529,
  "CharacterContinuityRate": 0.025415318,
  "LongestVariableValue": 0.0124477422,
  "URL_DigitCount": 0.0124042579,
  "Directory_DigitCount": 0.0104489777,
  "Extension_DigitCount": 0.010768049,
  "URL_Letter_Count": 0.012348699,
  "host_letter_count": 0.0224211885,
  "Directory_LetterCount": 0.0181340284,
  "Filename_LetterCount": 0.0123436434,
  "Extension_LetterCount": 0.0162185678,
  "Query_LetterCount": 0.0148527159,
  "LongestPathTokenLength": 0.0190080717,
  "Domain_LongestWordLength": 0.015790503,
  "Arguments_LongestWordLength": 0.0162234594,
  "URLQueries_variable": 0.0117403874,
  "spcharUrl": 0.0139127534,
  "delimeter_path": 0.0168841735,
  "NumberRate_URL": 0.0133455064,
  "NumberRate_FileName": 0.0155945404,
  "NumberRate_Extension": 0.0214235261,
  "NumberRate_AfterPath": 0.0135427297,
  "SymbolCount_URL": 0.0109943021,
  "SymbolCount_Domain": 0.0352693072,
  "SymbolCount_Directoryname": 0.0133191986,
  "SymbolCount_FileName": 0.0181899612,
  "SymbolCount_Extension": 0.0189452131,
  "Entropy_Domain": 0.0209092499,
  "Entropy_DirectoryName": 0.0126327123
}
