{
  "domain_token_count": 0.0241388663,
  "avgdomaintokenlen": 0.0209666455,
  "longdomaintokenlen": 0.0165958562,
  "avgpathtokenlen": 0.0206385764,
  "tld": 0.0308161227,
  "ldl_url": 0.0124163559,
  "ldl_path": 0.0111673194,
  "urlLen": 0.0193029541,
  "domainlength": 0.0268334263,
  "pathLength": 0.0134632378,
  "subDirLen": 0.0177920022,
  "pathurlRatio": 0.0156227311,
  "ArgUrlRatio": 0.0236393878,
  "argDomanRatio": 0.0180416896,
  "domainUrlRatio": 0.0240919032,
  "pathDomainRatio": 0.0147573192,
  "argPathRatio": 0.015352446,
  "NumberofDotsinURL": 0.0350385261,
  "CharacterContinuityRate": 0.0217517686,
  "Extension_DigitCount": 0.0125202497,
  "Query_DigitCount": 0.0202891269,
  "URL_Letter_Count": 0.0127897625,
  "host_letter_count": 0.0259374303,
  "Directory_LetterCount": 0.0152598873,
  "Filename_LetterCount": 0.012388916,
  "Extension_LetterCount": 0.0157915933,
  "Query_LetterCount": 0.0148310456,
  "LongestPathTokenLength": 0.0179608294,
  "Domain_LongestWordLength": 0.0141638605,
  "Arguments_LongestWordLength": 0.0217932901,
  "URLQueries_variable": 0.0111101486,
  "spcharUrl": 0.0106566034,
  "delimeter_path": 0.0125713615,
  "delimeter_Count": 0.0162263259,
  "NumberRate_URL": 0.02326254,
  "NumberRate_FileName": 0.0200265108,
  "NumberRate_Extension": 0.0187546941,
  "NumberRate_AfterPath": 0.0111821367,
  "SymbolCount_URL": 0.0124276457,
  "SymbolCount_Domain": 0.0424139277,
  "SymbolCount_Directoryname": 0.0128126345,
  "SymbolCount_FileName": 0.0210532224,
  "SymbolCount_Extension": 0.0191795751,
  "Entropy_Domain": 0.0221838964,
  "Entropy_Filename": 0.0112098183
}
