{
  "url_length": 0.1459528885,
  "number_of_dots_in_url": 0.0449718677,
  "having_repeated_digits_in_url": 0.0038586305,
  "number_of_digits_in_url": 0.0433850957,
  "number_of_special_char_in_url": 0.0380381811,
  "number_of_hyphens_in_url": 0.0187089904,
  "number_of_underline_in_url": 0.0047438326,
  "number_of_slash_in_url": 0.0374115331,
  "number_of_questionmark_in_url": 0.0066948997,
  "number_of_equal_in_url": 0.006149455,
  "number_of_percent_in_url": 0.0012559066,
  "domain_length": 0.0910294024,
  "number_of_dots_in_domain": 0.0278343081,
  "number_of_hyphens_in_domain": 0.0199894238,
  "having_special_characters_in_domain": 0.0039587401,
  "number_of_special_characters_in_domain": 0.0062176728,
  "having_digits_in_domain": 0.0143385727,
  "number_of_digits_in_domain": 0.0540617476,
  "having_repeated_digits_in_domain": 0.0114787672,
  "number_of_subdomains": 0.0529445726,
  "average_subdomain_length": 0.1205419814,
  "number_of_special_characters_in_subdomain": 0.001004988,
  "having_digits_in_subdomain": 0.0066758161,
  "number_of_digits_in_subdomain": 0.0097860812,
  "path_length": 0.0266329653,
  "having_query": 0.0060803786,
  "entropy_of_url": 0.0965800101,
  "entropy_of_domain": 0.0983982478
}
